label	proof_B	lean_ms_min	ntables	ood	constraints	aux	quot	width
toy-d3b-h12-S1	844173	266	5	451	258	4	15	214
toy-d3b-h12-S16	5048041	1770	65	6631	3978	34	195	3184
toy-d3b-h12-S2	1115473	336	9	863	506	6	27	412
toy-d3b-h12-S4	1688889	501	17	1687	1002	10	51	808
toy-d3b-h12-S8	2807401	894	33	3335	1994	18	99	1600
toy-d3b-h20-S1	1694893	619	5	451	258	4	15	214
toy-d3b-h20-S2	1971057	717	9	863	506	6	27	412
toy-d3b-h20-S4	2532153	917	17	1687	1002	10	51	808
toy-d3b-h22-S1	1927853	714	5	451	258	4	15	214
toy-height-w150-S1	1603850	599	2	346	162	4	6	166
toy-width-h12-S1	1848042	529	2	2746	1362	4	6	1366
near-maxcase	3561135	1302	7	2293	2690	66	21	1070
near-example-tierA	2010359	637	7	2293	2690	66	21	1070
near-example-tierB	1971123	625	7	2293	2690	66	21	1070
near-s20261003-v0	2267131	757	7	2293	2690	66	21	1070
near-s20261003-v1	2314847	782	7	2293	2690	66	21	1070
near-s20261003-v10	1964771	631	7	2293	2690	66	21	1070
near-s20261003-v11	2618455	934	7	2293	2690	66	21	1070
near-s20261003-v12	2370799	819	7	2293	2690	66	21	1070
near-s20261003-v13	2250515	747	7	2293	2690	66	21	1070
near-s20261003-v14	2121499	709	7	2293	2690	66	21	1070
near-s20261003-v15	2544923	898	7	2293	2690	66	21	1070
near-s20261003-v16	2445651	837	7	2293	2690	66	21	1070
