# judge-built verifier sha256:c82117cb46db768c… (formal-check native build of NpUdrStark.Model.verifier = build.sh out/verify); out/prove 3f136f70…; 2026-10-05; rc 0 = accept, 1 = reject
case	n	prove_s	proof_B	claim	verify	verify_ms	false_claim	mut_proof	trunc
example-tierA	-	115ms	2010359	ok	0	545	1	1	1
example-tierB	-	184ms	1971123	ok	0	568	1	1	1
s20261003-v0	-	560ms	2267131	ok	0	572	1	1	1
s20261003-v1	-	355ms	2314847	ok	0	616	1	1	1
s20261003-v10	-	140ms	1964771	ok	0	522	1	1	1
s20261003-v11	-	9187ms	2618455	ok	0	1066	1	1	1
s20261003-v12	-	935ms	2370799	ok	0	687	1	1	1
s20261003-v13	-	593ms	2250515	ok	0	768	1	1	1
s20261003-v14	-	221ms	2121499	ok	0	621	1	1	1
s20261003-v15	-	1094ms	2544923	ok	0	1210	1	1	1
s20261003-v16	-	692ms	2445651	ok	0	738	1	1	1
s20261003-v17	-	8809ms	2749423	ok	0	1015	1	1	1
s20261003-v2	-	930ms	2391795	ok	0	700	1	1	1
s20261003-v3	-	1507ms	2553135	ok	0	785	1	1	1
s20261003-v4	-	192ms	2150455	ok	0	644	1	1	1
s20261003-v5	-	13410ms	2854191	ok	0	1687	1	1	1
s20261003-v6	-	1145ms	2358499	ok	0	873	1	1	1
s20261003-v7	-	792ms	2336327	ok	0	840	1	1	1
s20261003-v8	-	721ms	2455015	ok	0	866	1	1	1
s20261003-v9	-	1258ms	2503639	ok	0	1220	1	1	1
r1-s7-r1-v0	-	162ms	1898443	ok	0	774	1	1	1
r1-s7-r1-v1	-	199ms	1862319	ok	0	526	1	1	1
r1-s7-r1-v2	-	262ms	1867547	ok	0	635	1	1	1
r1-s7-r1-v3	-	151ms	1910299	ok	0	585	1	1	1
r1-s7-r1-v4	-	132ms	1840575	ok	0	565	1	1	1
r1-s7-r1-v5	-	144ms	1921883	ok	0	511	1	1	1
r16-s7-r16-v0	-	861ms	2362731	ok	0	914	1	1	1
r16-s7-r16-v1	-	895ms	2348919	ok	0	713	1	1	1
r16-s7-r16-v2	-	978ms	2444075	ok	0	889	1	1	1
r16-s7-r16-v3	-	721ms	2325059	ok	0	723	1	1	1
r16-s7-r16-v4	-	623ms	2302223	ok	0	765	1	1	1
r16-s7-r16-v5	-	845ms	2466607	ok	0	763	1	1	1
r256-s7-r256-v0	-	11908ms	2880163	ok	0	1032	1	1	1
r256-s7-r256-v1	-	11715ms	2904591	ok	0	1115	1	1	1
r256-s7-r256-v2	-	12701ms	3045327	ok	0	1095	1	1	1
r256-s7-r256-v3	-	11558ms	3035867	ok	0	1065	1	1	1
r256-s7-r256-v4	-	11055ms	2861231	ok	0	998	1	1	1
r256-s7-r256-v5	-	12752ms	2979183	ok	0	1117	1	1	1
