case	n	prove_s	maxrss_MB	proof_B	claim	rust_verify	lean_verify	lean_ms
example-tierA	2	0.22	22	2010359	ok	accept	accept	494
example-tierB	2	0.28	22	1971123	ok	accept	accept	489
s20261003-v0	11	0.83	77	2267131	ok	accept	accept	582
s20261003-v1	10	0.78	76	2314847	ok	accept	accept	613
s20261003-v10	2	0.29	22	1964771	ok	accept	accept	477
s20261003-v11	164	11.32	958	2618455	ok	accept	accept	737
s20261003-v12	14	1.31	123	2370799	ok	accept	accept	666
s20261003-v13	9	0.84	73	2250515	ok	accept	accept	595
s20261003-v14	2	0.38	37	2121499	ok	accept	accept	565
s20261003-v15	28	1.89	238	2544923	ok	accept	accept	660
s20261003-v16	11	1.12	128	2445651	ok	accept	accept	627
s20261003-v17	117	10.25	956	2749423	ok	accept	accept	744
s20261003-v2	16	1.35	128	2391795	ok	accept	accept	617
s20261003-v3	28	1.9	237	2553135	ok	accept	accept	681
s20261003-v4	3	0.34	37	2150455	ok	accept	accept	552
s20261003-v5	233	15.74	1846	2854191	ok	accept	accept	824
s20261003-v6	13	1.36	126	2358499	ok	accept	accept	658
s20261003-v7	15	0.94	116	2336327	ok	accept	accept	633
s20261003-v8	9	1.12	128	2455015	ok	accept	accept	671
s20261003-v9	26	1.78	227	2503639	ok	accept	accept	695
s7-r1-v0	1	0.29	22	1898443	ok	accept	accept	503
s7-r1-v1	1	0.24	21	1862319	ok	accept	accept	459
s7-r1-v2	1	0.26	22	1867547	ok	accept	accept	452
s7-r1-v3	1	0.27	23	1910299	ok	accept	accept	466
s7-r1-v4	1	0.25	21	1840575	ok	accept	accept	450
s7-r1-v5	1	0.28	23	1921883	ok	accept	accept	485
s7-r16-v0	16	1.4	133	2362731	ok	accept	accept	608
s7-r16-v1	16	1.37	132	2348919	ok	accept	accept	614
s7-r16-v2	16	1.34	144	2444075	ok	accept	accept	647
s7-r16-v3	16	0.98	122	2325059	ok	accept	accept	579
s7-r16-v4	16	0.91	117	2302223	ok	accept	accept	582
s7-r16-v5	16	1.3	139	2466607	ok	accept	accept	623
s7-r256-v0	256	14.1	1769	2880163	ok	accept	accept	768
s7-r256-v1	256	14.48	1784	2904591	ok	accept	accept	1146
s7-r256-v2	256	14.91	1931	3045327	ok	accept	accept	963
s7-r256-v3	256	16.09	1895	3035867	ok	accept	accept	930
s7-r256-v4	256	14.55	1765	2861231	ok	accept	accept	791
s7-r256-v5	256	15.94	1927	2979183	ok	accept	accept	815
