case	receipts	witness_bytes	prove_s	prove_peak_rss_mb	claim_ok	proof_bytes	verify_ms_median	verify_peak_rss_mb	loadavg1
example-tierA	2	534	110.81	16310	true	1272573	30	5	39.26
example-tierB	2	534	90.54	16231	true	1272573	50	5	51.87
s20261003-v4	3	628	99.35	16298	true	1272573	30	5	56.69
s20261003-v0	11	1909	110.82	16707	true	1272573	50	5	62.16
s20261003-v3	28	2555	110.82	17648	true	1272573	110	5	62.73
s777-v12	68	11344	143.05	22992	true	1272573	100	5	61.25
s20261003-v17	117	20754	218.89	33187	true	1272573	50	5	58.80
s20261003-v11	164	8231	131.78	26312	true	1272573	60	5	69.41
s20261003-v5	233	16511	158.27	35291	true	1272573	30	5	56.62
s777-v19	256	20936	186.87	38706	true	1272573	40	5	55.18
