# judge-built verifier sha256:c82117cb46db768c… (= build.sh out/verify) for the CLOSED certificate (all 6 gates PASS); out/prove 3f136f70…; 2026-10-05; rc 0 = accept, 1 = reject
case	n	prove_s	proof_B	claim	verify	verify_ms	false_claim	mut_proof	trunc
example-tierA	-	140ms	2010359	ok	0	674	1	1	1
example-tierB	-	150ms	1971123	ok	0	536	1	1	1
s20261003-v0	-	579ms	2267131	ok	0	629	1	1	1
s20261003-v1	-	446ms	2314847	ok	0	591	1	1	1
s20261003-v10	-	219ms	1964771	ok	0	639	1	1	1
s20261003-v11	-	7242ms	2618455	ok	0	742	1	1	1
s20261003-v12	-	966ms	2370799	ok	0	790	1	1	1
s20261003-v13	-	540ms	2250515	ok	0	674	1	1	1
s20261003-v14	-	264ms	2121499	ok	0	636	1	1	1
s20261003-v15	-	1227ms	2544923	ok	0	730	1	1	1
s20261003-v16	-	685ms	2445651	ok	0	661	1	1	1
s20261003-v17	-	7052ms	2749423	ok	0	837	1	1	1
s20261003-v2	-	777ms	2391795	ok	0	630	1	1	1
s20261003-v3	-	1086ms	2553135	ok	0	709	1	1	1
s20261003-v4	-	268ms	2150455	ok	0	693	1	1	1
s20261003-v5	-	11471ms	2854191	ok	0	891	1	1	1
s20261003-v6	-	902ms	2358499	ok	0	739	1	1	1
s20261003-v7	-	607ms	2336327	ok	0	631	1	1	1
s20261003-v8	-	756ms	2455015	ok	0	819	1	1	1
s20261003-v9	-	1174ms	2503639	ok	0	776	1	1	1
r1-s7-r1-v0	-	151ms	1898443	ok	0	524	1	1	1
r1-s7-r1-v1	-	214ms	1862319	ok	0	488	1	1	1
r1-s7-r1-v2	-	182ms	1867547	ok	0	506	1	1	1
r1-s7-r1-v3	-	183ms	1910299	ok	0	684	1	1	1
r1-s7-r1-v4	-	232ms	1840575	ok	0	710	1	1	1
r1-s7-r1-v5	-	227ms	1921883	ok	0	572	1	1	1
r16-s7-r16-v0	-	945ms	2362731	ok	0	836	1	1	1
r16-s7-r16-v1	-	817ms	2348919	ok	0	653	1	1	1
r16-s7-r16-v2	-	903ms	2444075	ok	0	752	1	1	1
r16-s7-r16-v3	-	564ms	2325059	ok	0	678	1	1	1
r16-s7-r16-v4	-	600ms	2302223	ok	0	637	1	1	1
r16-s7-r16-v5	-	1107ms	2466607	ok	0	721	1	1	1
r256-s7-r256-v0	-	10385ms	2880163	ok	0	1107	1	1	1
r256-s7-r256-v1	-	10225ms	2904591	ok	0	852	1	1	1
r256-s7-r256-v2	-	9829ms	3045327	ok	0	1006	1	1	1
r256-s7-r256-v3	-	11640ms	3035867	ok	0	923	1	1	1
r256-s7-r256-v4	-	10730ms	2861231	ok	0	996	1	1	1
r256-s7-r256-v5	-	11157ms	2979183	ok	0	1033	1	1	1
swapped pairs: 38 tested, 38 rejected, 0 accepted
